{
  "avg_step_time_s": 0.4065431470735348,
  "avg_tflops": 920.7455235498463,
  "avg_tflops_per_gpu": 115.09319044373079,
  "avg_tokens_per_s": 20150.382705917917,
  "dtype": "bf16",
  "last_loss": 12.659663200378418,
  "micro_batch_size": 1,
  "mode": "mori",
  "mori_enable_sdma": "1",
  "mori_fsdp_enable_sdma": "1",
  "mori_fsdp_zero_copy_output": null,
  "num_params": 7615616512,
  "seed": 1234,
  "seq_len": 1024,
  "steps": 10,
  "warmup": 3,
  "world_size": 8
}