{
  "avg_step_time_s": 0.36315348140487913,
  "avg_tflops": 1030.7564210860262,
  "avg_tflops_per_gpu": 128.84455263575327,
  "avg_tokens_per_s": 22557.955298428642,
  "dtype": "bf16",
  "last_loss": 12.672688484191895,
  "micro_batch_size": 1,
  "mode": "native",
  "mori_enable_sdma": null,
  "mori_fsdp_enable_sdma": null,
  "mori_fsdp_zero_copy_output": null,
  "num_params": 7615616512,
  "seed": 1234,
  "seq_len": 1024,
  "steps": 10,
  "warmup": 3,
  "world_size": 8
}